group_type,group_value,model,token_count,task_count,point_count,success_token_count,failure_token_count,success_token_share,weighted_mean_success_path_cost,main_chain_deposit_share,core_split_deposit_share,lowering_deposit_share,u_to_əu_normalized,u_to_o_normalized,u_to_ɷ_normalized,ɷ_to_o_normalized,s3_o_token_count,s3_o_reached_token_count,s3_o_reached_share,top_edges
global,ALL,base_main_chain,17236,44,64,16582,654,0.962056161522395,1.2171358910377463,0.7958108217766887,0.12264390119599376,0.0,0.347386791487397,0.0,0.0,0.0,201,0,0.0,ɑ>ɔ:1.000 | ɔ>o:0.925 | a>ɑ:0.548 | o>ɷ:0.412 | u>əu:0.401
global,ALL,with_s3_lowering,17236,44,64,16923,313,0.9818403341842655,1.1856102099530414,0.7972234897655581,0.1135141787625324,0.025762493210691316,0.37087410052986847,0.020828927930119832,0.045378249800519924,0.03125336179199314,201,201,1.0,ɑ>ɔ:1.000 | ɔ>o:0.923 | a>ɑ:0.573 | o>ɷ:0.444 | u>əu:0.415
onset_class,K,base_main_chain,4032,29,64,4015,17,0.9957837301587301,1.1853274585758857,0.755583734646482,0.15855300111736445,0.0,0.5075197994320814,0.0,0.0,0.0,3,0,0.0,ɑ>ɔ:1.000 | ɔ>o:0.901 | u>əu:0.584 | a>ɑ:0.562 | o>ɷ:0.498
onset_class,K,with_s3_lowering,4032,29,64,4024,8,0.998015873015873,1.1553570994584104,0.7870292035841399,0.15402179676057706,0.002509217490463101,0.5573581199045055,0.0011262896550896734,0.0057571221384719205,0.005757111518007074,3,3,1.0,ɑ>ɔ:1.000 | ɔ>o:0.892 | u>əu:0.607 | a>ɑ:0.591 | o>ɷ:0.534
onset_class,M,base_main_chain,1170,34,64,961,209,0.8213675213675213,1.1619028423643587,0.8569723870266225,0.06144925938520862,0.0,0.13868666698066062,0.0,0.0,0.0,136,0,0.0,ɑ>ɔ:1.000 | ɔ>o:0.965 | a>ɑ:0.819 | o>ɷ:0.206 | ɷ>u:0.179
onset_class,M,with_s3_lowering,1170,34,64,1133,37,0.9683760683760684,1.0706785135301065,0.7653559222613078,0.0513886644151613,0.12983499831553952,0.12353354787080309,0.42730675237834537,0.013951094129848287,0.01070779468347269,136,136,1.0,ɑ>ɔ:1.000 | ɔ>o:0.982 | a>ɑ:0.783 | u>o:0.468 | o>ɷ:0.213
onset_class,N,base_main_chain,1551,25,64,1442,109,0.9297227595099935,1.1845532465601671,0.7041498540733783,0.21301191812447795,0.0,0.6714983672034455,0.0,0.0,0.0,12,0,0.0,ɑ>ɔ:1.000 | ɔ>o:0.886 | u>əu:0.738 | o>ɷ:0.520 | ɷ>u:0.456
onset_class,N,with_s3_lowering,1551,25,64,1474,77,0.950354609929078,1.1560861328207621,0.6630382488723754,0.21128130640824536,0.029201070079637435,0.7365795884241283,0.00399932273804921,0.06936483339064409,0.044442728676462914,12,12,1.0,ɑ>ɔ:1.000 | u>əu:0.901 | ɔ>o:0.861 | o>ɷ:0.656 | ɷ>u:0.579
onset_class,P,base_main_chain,2777,29,64,2744,33,0.9881166726683471,1.2614004744908682,0.8957550541534625,0.023408863135323206,0.0,0.023190198220118564,0.0,0.0,0.0,1,0,0.0,ɔ>o:1.000 | ɑ>ɔ:0.995 | a>ɑ:0.824 | o>ɷ:0.336 | ɷ>u:0.306
onset_class,P,with_s3_lowering,2777,29,64,2745,32,0.988476773496579,1.2407425978234368,0.9350188655033936,0.013877039885573064,0.0005131305800958724,0.02417899273479628,0.0015261754118409386,4.0868039672203295e-09,4.076832270981187e-09,1,1,1.0,ɑ>ɔ:1.000 | ɔ>o:0.990 | a>ɑ:0.821 | o>ɷ:0.345 | ɷ>u:0.315
onset_class,T,base_main_chain,2204,25,64,2034,170,0.9228675136116152,1.1882040445600217,0.7042616560150564,0.21889166188596007,0.0,0.7202158069920233,0.0,0.0,0.0,2,0,0.0,ɑ>ɔ:1.000 | ɔ>o:0.916 | u>əu:0.777 | o>ɷ:0.547 | ɷ>u:0.487
onset_class,T,with_s3_lowering,2204,25,64,2079,125,0.9432849364791288,1.1658775655100033,0.6804539814983936,0.21185518246555549,0.029004754667346536,0.7787427383368687,2.463392418805793e-09,0.0933162968830231,0.026256662820183144,2,2,1.0,ɑ>ɔ:1.000 | ɔ>o:0.906 | u>əu:0.863 | o>ɷ:0.614 | ɷ>u:0.547
onset_class,TS,base_main_chain,2715,37,64,2606,109,0.959852670349908,1.2225774982784756,0.8092720793364272,0.09639080481346925,0.0,0.2737555851919134,0.0,0.0,0.0,45,0,0.0,ɔ>o:1.000 | ɑ>ɔ:0.982 | a>ɑ:0.790 | u>əu:0.326 | o>ɷ:0.294
onset_class,TS,with_s3_lowering,2715,37,64,2686,29,0.9893186003683241,1.1950117037344619,0.8169013737061878,0.08921978515654903,0.03363531933182266,0.27167409232105927,0.004273263480108195,0.07139907259591216,0.056865367783797666,45,45,1.0,ɑ>ɔ:1.000 | ɔ>o:0.955 | a>ɑ:0.811 | u>əu:0.309 | o>ɷ:0.288
onset_class,Ø,base_main_chain,2787,28,64,2780,7,0.9974883387154646,1.2688463145652462,0.8123384838172366,0.09803630947030303,0.0,0.2495357937251556,0.0,0.0,0.0,2,0,0.0,ɑ>ɔ:1.000 | ɔ>o:0.953 | o>ɷ:0.477 | a>ɑ:0.461 | ɷ>u:0.435
onset_class,Ø,with_s3_lowering,2787,28,64,2782,5,0.9982059562253319,1.245014238108862,0.8499758604665089,0.08958711331253162,0.000867262327479195,0.2801999631064104,0.0028981606511894213,3.4808516117025134e-08,3.479847367552137e-08,2,2,1.0,ɑ>ɔ:1.000 | ɔ>o:0.910 | a>ɑ:0.511 | o>ɷ:0.506 | ɷ>u:0.463
subbranch,太湖片-临绍小片,base_main_chain,4639,19,17,4469,170,0.963354171157577,1.1912524313798722,0.7628658305819938,0.05229377853252982,0.0,5.688915508203894e-10,0.0,0.0,0.0,56,0,0.0,ɔ>o:1.000 | ɑ>ɔ:0.783 | a>ɔ:0.261 | ɷ>u:0.134 | o>ɷ:0.134
subbranch,太湖片-临绍小片,with_s3_lowering,4639,19,17,4563,76,0.9836171588704462,1.171741439935891,0.8091807744190825,0.04924243491456913,0.024179724972956427,5.880416356792637e-10,0.06269749285901947,1.2141000931864872e-06,1.2141000931864872e-06,56,56,1.0,ɔ>o:1.000 | ɑ>ɔ:0.971 | a>ɑ:0.311 | o>ɷ:0.140 | ɷ>u:0.140
subbranch,太湖片-杭州小片,base_main_chain,228,7,1,202,26,0.8859649122807017,0.9084238135294934,0.9670518111465668,0.0,0.0,5.981112853676682e-10,0.0,0.0,0.0,23,0,0.0,ɔ>o:1.000 | ɑ>ɔ:0.992 | ɷ>u:0.098 | o>ɷ:0.098 | ɑ>o:0.056
subbranch,太湖片-杭州小片,with_s3_lowering,228,7,1,225,3,0.9868421052631579,0.8581428030577118,0.7675805717908244,0.0,0.16808179712789686,6.051448026630213e-10,0.387740848708913,2.0303595570053226e-07,2.0303595570053226e-07,23,23,1.0,ɔ>o:1.000 | ɑ>ɔ:0.994 | u>o:0.388 | ɑ>o:0.172 | ɷ>u:0.109
subbranch,太湖片-毗陵小片,base_main_chain,2115,27,9,1972,143,0.932387706855792,1.2591182991695193,0.729118270792333,0.11407494872406997,0.0,0.10131683233833745,0.0,0.0,0.0,0,0,,ɑ>ɔ:1.000 | ɔ>o:0.723 | a>ɑ:0.604 | o>ɷ:0.272 | ɔ>ʌ:0.196
subbranch,太湖片-毗陵小片,with_s3_lowering,2115,27,9,2020,95,0.9550827423167849,1.2192637432152527,0.7139864492240863,0.10246499435745364,0.032738873262572916,0.10785282882816986,1.0836399855734254e-09,0.11189360525213486,0.011045967476864049,0,0,,ɑ>ɔ:1.000 | ɔ>o:0.707 | a>ɑ:0.653 | o>ɷ:0.296 | ɔ>ʌ:0.234
subbranch,太湖片-甬江小片,base_main_chain,1601,11,6,1569,32,0.9800124921923797,1.3442830377192416,0.7373657520820439,0.1134618163518703,0.0,0.41145601951862626,0.0,0.0,0.0,10,0,0.0,ɔ>o:1.000 | ɑ>ɔ:0.703 | u>əu:0.415 | ɷ>u:0.341 | o>ɷ:0.341
subbranch,太湖片-甬江小片,with_s3_lowering,1601,11,6,1579,22,0.9862585883822611,1.3332313873921704,0.7554963725915729,0.109522123457614,0.008924989099142295,0.35119852899705506,0.026594249602900473,1.1670534494447919e-06,1.1670534494447919e-06,10,10,1.0,ɔ>o:1.000 | ɑ>ɔ:0.708 | u>əu:0.376 | o>ɷ:0.309 | ɷ>u:0.309
subbranch,太湖片-苏沪嘉小片,base_main_chain,7525,29,28,7267,258,0.9657142857142857,1.194529739208826,0.7752378721219793,0.15973915744064543,0.0,0.6511309459848313,0.0,0.0,0.0,112,0,0.0,ɑ>ɔ:1.000 | ɔ>o:0.955 | u>əu:0.784 | a>ɑ:0.736 | o>ɷ:0.641
subbranch,太湖片-苏沪嘉小片,with_s3_lowering,7525,29,28,7422,103,0.986312292358804,1.1746836483104366,0.7708549044691021,0.1583088187045498,0.01593027183268692,0.6627690756346767,0.06163244667577321,1.3708579525897988e-06,1.3708579525897988e-06,112,112,1.0,ɑ>ɔ:1.000 | ɔ>o:0.937 | u>əu:0.784 | a>ɑ:0.755 | ɷ>u:0.646
subbranch,太湖片-苕溪小片,base_main_chain,1128,18,4,1103,25,0.9778368794326241,1.2498929931718588,0.7834443364203699,0.1571704169220002,0.0,0.6853952522707936,0.0,0.0,0.0,0,0,,o>ɷ:1.000 | ɑ>ɔ:0.967 | ɔ>o:0.931 | u>əu:0.769 | ɷ>u:0.658
subbranch,太湖片-苕溪小片,with_s3_lowering,1128,18,4,1114,14,0.9875886524822695,1.2352949136364426,0.7625878050054141,0.15478843065467798,0.015050896443009982,0.7226586141643855,9.297716254514323e-10,0.06972888939819726,7.855266501630565e-10,0,0,,o>ɷ:1.000 | ɔ>o:0.944 | ɑ>ɔ:0.930 | u>əu:0.761 | ɷ>u:0.657
subbranch_onset,太湖片-临绍小片__K,base_main_chain,1140,16,17,1128,12,0.9894736842105263,1.2198995664449337,0.7463547059626797,0.06106787746623872,0.0,5.693498549703943e-10,0.0,0.0,0.0,1,0,0.0,ɔ>o:1.000 | ɑ>ɔ:0.764 | a>ɔ:0.273 | ɷ>u:0.147 | o>ɷ:0.147
subbranch_onset,太湖片-临绍小片__K,with_s3_lowering,1140,16,17,1134,6,0.9947368421052631,1.2059991846310278,0.7948203296965527,0.054417630497875145,0.005870211304181406,6.092028554836943e-10,0.013141967881304565,0.0010756318035079293,0.0010756318035079293,1,1,1.0,ɔ>o:1.000 | ɑ>ɔ:0.832 | a>ɔ:0.192 | a>ɑ:0.172 | ɷ>u:0.154
subbranch_onset,太湖片-临绍小片__M,base_main_chain,316,15,17,262,54,0.8291139240506329,1.2019091035827054,0.7405658569705691,0.046055317927496155,0.0,5.540338235855551e-10,0.0,0.0,0.0,29,0,0.0,ɔ>o:1.000 | ɑ>ɔ:0.701 | a>ɔ:0.359 | a>ɑ:0.228 | o>ou:0.106
subbranch_onset,太湖片-临绍小片__M,with_s3_lowering,316,15,17,312,4,0.9873417721518988,1.1241515349690394,0.5284040566210446,0.08137180487216979,0.1627555776903182,5.530556587511e-10,0.46111289755049023,1.2767616308882808e-06,1.2767616308882808e-06,29,29,1.0,ɔ>o:1.000 | ɑ>ɔ:0.585 | u>o:0.478 | a>ɔ:0.471 | o>ou:0.225
subbranch_onset,太湖片-临绍小片__N,base_main_chain,414,9,17,389,25,0.9396135265700483,1.057695658112351,0.8652300046027911,0.06245134422329408,0.0,5.412891037645757e-10,0.0,0.0,0.0,8,0,0.0,ɑ>ɔ:1.000 | ɔ>o:0.954 | o>ou:0.129 | ɷ>u:0.111 | o>ɷ:0.111
subbranch_onset,太湖片-临绍小片__N,with_s3_lowering,414,9,17,397,17,0.9589371980676329,1.0401523661784549,0.7015616049202934,0.061505956768446196,0.035682501164364916,6.935002789613832e-10,0.08511199636795033,5.9076819089654696e-06,5.9076819089654696e-06,8,8,1.0,ɑ>ɔ:1.000 | ɔ>o:0.936 | ɑ>o:0.487 | o>ɷ:0.181 | ɷ>u:0.181
subbranch_onset,太湖片-临绍小片__P,base_main_chain,747,17,17,734,13,0.9825970548862115,1.2239874449775623,0.741865379247625,0.042023063870155676,0.0,6.740789541360343e-10,0.0,0.0,0.0,1,0,0.0,ɔ>o:1.000 | ɑ>ɔ:0.729 | a>ɔ:0.322 | a>ɑ:0.245 | ɑ>o:0.130
subbranch_onset,太湖片-临绍小片__P,with_s3_lowering,747,17,17,735,12,0.9839357429718876,1.2110831118063379,0.7356661013253978,0.037789088355769045,0.002533422359269663,6.788465209459387e-10,0.00574129070245436,2.6582217494294297e-05,2.6582217494294297e-05,1,1,1.0,ɔ>o:1.000 | ɑ>ɔ:0.661 | a>ɔ:0.392 | a>ɑ:0.151 | o>ɤ:0.100
subbranch_onset,太湖片-临绍小片__T,base_main_chain,571,10,17,533,38,0.9334500875656743,1.1171193459607445,0.7622903081227689,0.0705065372571368,0.0,6.918935289733407e-10,0.0,0.0,0.0,2,0,0.0,ɑ>ɔ:1.000 | ɔ>o:0.990 | ɑ>o:0.305 | ɷ>u:0.198 | o>ɷ:0.198
subbranch_onset,太湖片-临绍小片__T,with_s3_lowering,571,10,17,537,34,0.9404553415061296,1.0846494123314325,0.8351745452630102,0.06208671342758933,0.0098477322753086,6.647339464515448e-10,0.02325732896460433,1.1009878686085532e-07,1.1009878686085532e-07,2,2,1.0,ɑ>ɔ:1.000 | ɔ>o:0.985 | o>ɷ:0.178 | ɷ>u:0.178 | o>ou:0.145
subbranch_onset,太湖片-临绍小片__TS,base_main_chain,679,17,17,654,25,0.9631811487481591,1.2007228267105499,0.710225151604403,0.03517547808043552,0.0,5.055301168322937e-10,0.0,0.0,0.0,14,0,0.0,ɔ>o:1.000 | ɑ>ɔ:0.610 | a>ɔ:0.487 | o>ɤ:0.091 | a>ɑ:0.087
subbranch_onset,太湖片-临绍小片__TS,with_s3_lowering,679,17,17,678,1,0.9985272459499264,1.1723949483671035,0.6658409314461741,0.04260040600255417,0.039213613880213265,5.068738186897473e-10,0.09604044851049837,6.885569973179572e-07,6.885569973179572e-07,14,14,1.0,ɔ>o:1.000 | ɑ>ɔ:0.588 | a>ɔ:0.515 | o>ou:0.096 | u>o:0.094
subbranch_onset,太湖片-临绍小片__Ø,base_main_chain,772,13,17,769,3,0.9961139896373057,1.230630822269914,0.813953062442945,0.049756036591816995,0.0,5.520468767925283e-10,0.0,0.0,0.0,1,0,0.0,ɔ>o:1.000 | ɑ>ɔ:0.953 | a>ɑ:0.289 | o>ɷ:0.219 | ɷ>u:0.219
subbranch_onset,太湖片-临绍小片__Ø,with_s3_lowering,772,13,17,770,2,0.9974093264248705,1.215727987485492,0.7749904021400523,0.04359091895051374,0.0019557888198259562,5.827907525652454e-10,0.004773078823710459,1.8823977931864352e-05,1.8823977931864352e-05,1,1,1.0,ɔ>o:1.000 | ɑ>ɔ:0.826 | ɷ>u:0.246 | o>ɷ:0.246 | ɑ>o:0.238
subbranch_onset,太湖片-毗陵小片__K,base_main_chain,480,16,9,480,0,1.0,1.3033965952074993,0.6878723131584935,0.1240995606879836,0.0,0.07404040712706768,0.0,0.0,0.0,0,0,,ɑ>ɔ:1.000 | ɔ>o:0.688 | a>ɑ:0.465 | o>ɷ:0.301 | ɔ>ʌ:0.246
subbranch_onset,太湖片-毗陵小片__K,with_s3_lowering,480,16,9,480,0,1.0,1.279513486118511,0.7066392553050045,0.11347758862489164,0.0002122342851787072,0.0801180480148673,6.357411457019851e-10,2.718176271159217e-07,6.357411457019851e-10,0,0,,ɑ>ɔ:1.000 | ɔ>o:0.668 | a>ɑ:0.490 | o>ɷ:0.323 | ɔ>ʌ:0.283
subbranch_onset,太湖片-毗陵小片__M,base_main_chain,134,21,9,100,34,0.746268656716418,1.0818026786452009,0.7446559348122388,0.1430292611737891,0.0,0.31526830511988646,0.0,0.0,0.0,0,0,,a>ɑ:1.000 | ɑ>ɔ:0.745 | ɔ>o:0.604 | u>əu:0.318 | o>ɷ:0.128
subbranch_onset,太湖片-毗陵小片__M,with_s3_lowering,134,21,9,115,19,0.8582089552238806,1.020730407879037,0.6445657918483362,0.12633873199521184,0.12581051698267415,0.2938495630327587,1.111090659981971e-09,0.43793130501110994,0.04663158593409793,0,0,,a>ɑ:1.000 | ɑ>ɔ:0.738 | ɔ>o:0.587 | u>ɷ:0.439 | u>əu:0.291
subbranch_onset,太湖片-毗陵小片__N,base_main_chain,212,16,9,183,29,0.8632075471698113,1.3675323732155638,0.6076143062661584,0.15348081466104754,0.0,0.09865364128843143,0.0,0.0,0.0,0,0,,ɑ>ɔ:1.000 | ɔ>o:0.560 | o>ɷ:0.337 | ɔ>ə:0.212 | o>ɤ:0.197
subbranch_onset,太湖片-毗陵小片__N,with_s3_lowering,212,16,9,186,26,0.8773584905660378,1.3458720565094555,0.6063149153122656,0.15105429524353384,0.015828317663880206,0.10441664375156968,0.0011665075340078785,0.03097678350467314,0.027712489895656875,0,0,,ɑ>ɔ:1.000 | ɔ>o:0.532 | o>ɷ:0.355 | ɔ>ə:0.258 | ɔ>ʌ:0.171
subbranch_onset,太湖片-毗陵小片__P,base_main_chain,332,13,9,332,0,1.0,1.2147998423153556,0.846315354338148,0.0566406029826281,0.0,0.06387492027667101,0.0,0.0,0.0,0,0,,a>ɑ:1.000 | ɑ>ɔ:0.947 | ɔ>o:0.841 | o>ɷ:0.259 | ɷ>u:0.186
subbranch_onset,太湖片-毗陵小片__P,with_s3_lowering,332,13,9,332,0,1.0,1.1819162277868736,0.8786817609579247,0.044140924508744246,6.536529062500917e-05,0.06507018913836544,6.464065482512892e-10,1.2321551502452486e-07,6.464065482512892e-10,0,0,,a>ɑ:1.000 | ɑ>ɔ:0.896 | ɔ>o:0.780 | o>ɷ:0.265 | ɷ>u:0.193
subbranch_onset,太湖片-毗陵小片__T,base_main_chain,293,18,9,239,54,0.8156996587030717,1.3733534440347563,0.5870785299504612,0.1702271736259442,0.0,0.11034800474343165,0.0,0.0,0.0,0,0,,ɑ>ɔ:1.000 | ɔ>o:0.584 | o>ɷ:0.353 | ɔ>ʌ:0.329 | o>ɤ:0.183
subbranch_onset,太湖片-毗陵小片__T,with_s3_lowering,293,18,9,260,33,0.8873720136518771,1.2102647913768165,0.5234196205788685,0.1421548718401493,0.12557328960174327,0.10570136315844314,5.146632486929379e-09,0.4745657826034958,0.007640366668512978,0,0,,ɑ>ɔ:1.000 | ɔ>o:0.553 | u>ɷ:0.477 | o>ɷ:0.383 | ɔ>ʌ:0.356
subbranch_onset,太湖片-毗陵小片__TS,base_main_chain,325,20,9,300,25,0.9230769230769231,1.1811342435946797,0.7910942260932178,0.07768178897512071,0.0,0.08304982608751138,0.0,0.0,0.0,0,0,,a>ɑ:1.000 | ɑ>ɔ:0.864 | ɔ>o:0.699 | o>ɷ:0.164 | ɔ>ʌ:0.131
subbranch_onset,太湖片-毗陵小片__TS,with_s3_lowering,325,20,9,309,16,0.9507692307692308,1.1523151918697205,0.7897891607474713,0.07294115213737463,0.029362296118243526,0.07887274451853124,8.8081453112293e-10,0.08666793327982764,0.01814608572403135,0,0,,a>ɑ:1.000 | ɑ>ɔ:0.894 | ɔ>o:0.719 | o>ɷ:0.164 | ɔ>ʌ:0.132
subbranch_onset,太湖片-毗陵小片__Ø,base_main_chain,339,17,9,338,1,0.9970501474926253,1.3180423413975435,0.6948036376970744,0.12456707535906258,0.0,0.08200988304115155,0.0,0.0,0.0,0,0,,ɑ>ɔ:1.000 | ɔ>o:0.716 | a>ɑ:0.495 | o>ɷ:0.309 | ɔ>ʌ:0.257
subbranch_onset,太湖片-毗陵小片__Ø,with_s3_lowering,339,17,9,338,1,0.9970501474926253,1.3002173862692243,0.7119188775799029,0.11629318460512798,0.00025596956083859067,0.08785235195840994,6.061955785380009e-10,5.538635666827568e-06,6.061955785380009e-10,0,0,,ɑ>ɔ:1.000 | ɔ>o:0.699 | a>ɑ:0.518 | o>ɷ:0.322 | ɔ>ʌ:0.278
subbranch_onset,太湖片-甬江小片__K,base_main_chain,388,7,6,388,0,1.0,1.4024108058502993,0.8322324380315651,0.09088590748363948,0.0,0.30735716062408536,0.0,0.0,0.0,0,0,,ɔ>o:1.000 | ɑ>ɔ:0.895 | a>ɑ:0.492 | o>ɷ:0.382 | ɷ>u:0.382
subbranch_onset,太湖片-甬江小片__K,with_s3_lowering,388,7,6,388,0,1.0,1.4029575505451821,0.6964734348483644,0.10130677798867302,0.0,0.31508219852601865,6.969345700733971e-10,6.969345700733971e-10,6.969345700733971e-10,0,0,,ɔ>o:1.000 | a>ɔ:0.509 | ɑ>ɔ:0.484 | ɷ>u:0.375 | o>ɷ:0.375
subbranch_onset,太湖片-甬江小片__M,base_main_chain,91,8,6,84,7,0.9230769230769231,1.1425430711302553,0.6049015679372194,0.2655670566951975,0.0,0.9401360900959018,0.0,0.0,0.0,7,0,0.0,ɔ>o:1.000 | u>əu:0.991 | ɑ>ɔ:0.576 | a>ɔ:0.423 | a>ɑ:0.318
subbranch_onset,太湖片-甬江小片__M,with_s3_lowering,91,8,6,91,0,1.0,1.1010839189755437,0.5795165288856523,0.2427599356118569,0.06807479604045705,0.9388202775250247,0.2528522699121839,1.7541895992868454e-07,1.7541895992868454e-07,7,7,1.0,u>əu:1.000 | ɔ>o:0.936 | ɑ>ɔ:0.632 | a>ɑ:0.457 | a>ɔ:0.294
subbranch_onset,太湖片-甬江小片__N,base_main_chain,140,7,6,130,10,0.9285714285714286,1.3241135980122847,0.7552529807654839,0.16719032268854767,0.0,0.5580731440591579,0.0,0.0,0.0,1,0,0.0,ɔ>o:1.000 | ɑ>ɔ:0.978 | u>əu:0.672 | ɷ>u:0.529 | o>ɷ:0.529
subbranch_onset,太湖片-甬江小片__N,with_s3_lowering,140,7,6,131,9,0.9357142857142857,1.305553791872711,0.7503620970572177,0.16574170527861268,0.01172472639195295,0.5350796552976134,0.035750415698645184,5.241226295241867e-07,5.241226295241867e-07,1,1,1.0,ɔ>o:1.000 | ɑ>ɔ:0.990 | u>əu:0.675 | ɷ>u:0.532 | o>ɷ:0.532
subbranch_onset,太湖片-甬江小片__P,base_main_chain,265,8,6,265,0,1.0,1.337455020386492,0.699980000016369,0.06309651316526653,0.0,0.16361761518259796,0.0,0.0,0.0,0,0,,ɔ>o:1.000 | a>ɔ:0.572 | ɑ>ɔ:0.423 | ɷ>u:0.182 | o>ɷ:0.182
subbranch_onset,太湖片-甬江小片__P,with_s3_lowering,265,8,6,265,0,1.0,1.3412533196331176,0.6916574837691928,0.06301970897062127,0.0,0.16357801684944354,6.461954734361099e-10,6.461954734361099e-10,6.461954734361099e-10,0,0,,ɔ>o:1.000 | a>ɔ:0.573 | ɑ>ɔ:0.417 | ɷ>u:0.185 | o>ɷ:0.185
subbranch_onset,太湖片-甬江小片__T,base_main_chain,197,5,6,184,13,0.934010152284264,1.3427052295134516,0.7661860444241012,0.12925238216713889,0.0,0.4034002884834609,0.0,0.0,0.0,0,0,,ɔ>o:1.000 | ɑ>ɔ:0.979 | ɷ>u:0.557 | o>ɷ:0.557 | u>əu:0.522
subbranch_onset,太湖片-甬江小片__T,with_s3_lowering,197,5,6,184,13,0.934010152284264,1.3271877100790868,0.8508722517864878,0.12029719940864296,0.0,0.3775375428746901,7.825789550571004e-10,7.825789550571004e-10,7.825789550571004e-10,0,0,,ɔ>o:1.000 | ɑ>ɔ:0.988 | o>ɷ:0.427 | ɷ>u:0.427 | u>əu:0.402
subbranch_onset,太湖片-甬江小片__TS,base_main_chain,257,9,6,255,2,0.9922178988326849,1.2964635764077816,0.6947758120927539,0.0859030402158428,0.0,0.2291253426857793,0.0,0.0,0.0,2,0,0.0,ɔ>o:1.000 | a>ɔ:0.513 | ɑ>ɔ:0.481 | a>ɑ:0.258 | u>əu:0.253
subbranch_onset,太湖片-甬江小片__TS,with_s3_lowering,257,9,6,257,0,1.0,1.2835395561329934,0.8583181130801625,0.07450717704550322,0.008797450144292705,0.22813033870684535,0.024674233000508746,3.125796793630795e-08,3.125796793630795e-08,2,2,1.0,ɔ>o:1.000 | ɑ>ɔ:0.968 | a>ɑ:0.781 | u>əu:0.267 | ɑ>o:0.172
subbranch_onset,太湖片-甬江小片__Ø,base_main_chain,263,7,6,263,0,1.0,1.435121363744842,0.7933638383487974,0.10174657786283231,0.0,0.345594757750327,0.0,0.0,0.0,0,0,,ɔ>o:1.000 | ɑ>ɔ:0.796 | ɷ>u:0.451 | o>ɷ:0.451 | u>əu:0.384
subbranch_onset,太湖片-甬江小片__Ø,with_s3_lowering,263,7,6,263,0,1.0,1.438811169804354,0.7329720583535263,0.10643867296944494,0.0,0.33454112601882025,7.156024337640498e-10,7.156024337640498e-10,7.156024337640498e-10,0,0,,ɔ>o:1.000 | ɑ>ɔ:0.626 | ɷ>u:0.464 | o>ɷ:0.464 | u>əu:0.392
subbranch_onset,太湖片-苏沪嘉小片__K,base_main_chain,1724,18,28,1721,3,0.9982598607888631,1.0972918248454242,0.7226603334074703,0.22370807611805255,0.0,1.0,0.0,0.0,0.0,2,0,0.0,u>əu:1.000 | ɑ>ɔ:0.726 | a>ɑ:0.661 | ɷ>u:0.655 | o>ɷ:0.655
subbranch_onset,太湖片-苏沪嘉小片__K,with_s3_lowering,1724,18,28,1724,0,1.0,1.0704405741055483,0.7535453120839726,0.22564922518104252,0.001383240655995716,1.0,0.005206540896429783,1.4219891758531846e-07,1.4219891758531846e-07,2,2,1.0,u>əu:1.000 | ɑ>ɔ:0.774 | ɷ>u:0.668 | o>ɷ:0.668 | ɔ>o:0.665
subbranch_onset,太湖片-苏沪嘉小片__M,base_main_chain,536,18,28,429,107,0.8003731343283582,1.1388990629740783,0.9508148919593861,0.019058568124943685,0.0,0.043913962285831325,0.0,0.0,0.0,94,0,0.0,ɑ>ɔ:1.000 | ɔ>o:0.987 | a>ɑ:0.783 | o>ɷ:0.194 | ɷ>u:0.194
subbranch_onset,太湖片-苏沪嘉小片__M,with_s3_lowering,536,18,28,523,13,0.9757462686567164,1.0353127243025568,0.7872609030850299,0.011687670487553585,0.16178398663522117,0.02602760947764122,0.5517769001239926,6.674438806074319e-07,6.674438806074319e-07,94,94,1.0,ɑ>ɔ:1.000 | ɔ>o:0.996 | a>ɑ:0.817 | u>o:0.571 | o>ɷ:0.202
subbranch_onset,太湖片-苏沪嘉小片__N,base_main_chain,672,13,28,639,33,0.9508928571428571,1.1852517556851048,0.6508829107801635,0.29010461807694254,0.0,1.0,0.0,0.0,0.0,0,0,,u>əu:1.000 | ɑ>ɔ:0.606 | ɔ>o:0.568 | ɷ>u:0.567 | o>ɷ:0.567
subbranch_onset,太湖片-苏沪嘉小片__N,with_s3_lowering,672,13,28,650,22,0.9672619047619048,1.1888180829337631,0.6391923511907304,0.2876006285095983,0.012251762501270963,1.0,9.635548826187164e-10,0.024169816544722562,0.024169816544722562,0,0,,u>əu:1.000 | ɑ>ɔ:0.599 | o>ɷ:0.568 | ɷ>u:0.568 | ɔ>o:0.553
subbranch_onset,太湖片-苏沪嘉小片__P,base_main_chain,1196,14,28,1177,19,0.9841137123745819,1.2576099027014502,0.9583350513531539,0.005598837901597437,0.0,6.139695619894091e-10,0.0,0.0,0.0,0,0,,ɑ>ɔ:1.000 | a>ɑ:0.983 | ɔ>o:0.974 | o>ɷ:0.442 | ɷ>u:0.442
subbranch_onset,太湖片-苏沪嘉小片__P,with_s3_lowering,1196,14,28,1177,19,0.9841137123745819,1.2644153139916372,0.9264188928546682,0.005757569766541306,0.0,6.148859852880925e-10,6.148859852880925e-10,6.148859852880925e-10,6.148859852880925e-10,0,0,,a>ɑ:1.000 | ɔ>o:0.946 | ɑ>ɔ:0.933 | o>ɷ:0.463 | ɷ>u:0.463
subbranch_onset,太湖片-苏沪嘉小片__T,base_main_chain,962,12,28,907,55,0.9428274428274428,1.1788393862118176,0.6593876067856381,0.298182712149038,0.0,1.0,0.0,0.0,0.0,0,0,,u>əu:1.000 | ɑ>ɔ:0.602 | ɔ>o:0.573 | ɷ>u:0.549 | o>ɷ:0.549
subbranch_onset,太湖片-苏沪嘉小片__T,with_s3_lowering,962,12,28,926,36,0.9625779625779626,1.2097867973731742,0.5596147300792921,0.31128277395067655,0.016904069306611084,1.0,1.6893062282340025e-09,0.02948403559043547,0.02948403559043547,0,0,,u>əu:1.000 | o>ɷ:0.530 | ɷ>u:0.530 | ɑ>ɔ:0.412 | ɔ>o:0.379
subbranch_onset,太湖片-苏沪嘉小片__TS,base_main_chain,1236,21,28,1196,40,0.9676375404530745,1.2241831999315866,0.8120957453857024,0.1235107644927446,0.0,0.4496184950541904,0.0,0.0,0.0,16,0,0.0,ɑ>ɔ:1.000 | a>ɑ:0.986 | ɔ>o:0.978 | u>əu:0.538 | o>ɷ:0.394
subbranch_onset,太湖片-苏沪嘉小片__TS,with_s3_lowering,1236,21,28,1224,12,0.9902912621359223,1.203492402768096,0.8086935818999683,0.12255614464801823,0.013574123202715078,0.4473039660876781,0.032725719590726426,0.008969472816598083,0.008969472816598083,16,16,1.0,ɔ>o:1.000 | ɑ>ɔ:0.953 | a>ɑ:0.864 | u>əu:0.511 | ɷ>u:0.380
subbranch_onset,太湖片-苏沪嘉小片__Ø,base_main_chain,1199,19,28,1198,1,0.9991659716430359,1.2497719184380844,0.8352704371888872,0.11139325158020141,0.0,0.4227377488210408,0.0,0.0,0.0,0,0,,ɑ>ɔ:1.000 | ɔ>o:0.923 | a>ɑ:0.607 | o>ɷ:0.600 | ɷ>u:0.600
subbranch_onset,太湖片-苏沪嘉小片__Ø,with_s3_lowering,1199,19,28,1198,1,0.9991659716430359,1.2389866651187962,0.8442764825124163,0.11343350631489812,0.0,0.42286022710015625,5.644689977993453e-10,5.644689977993453e-10,5.644689977993453e-10,0,0,,ɑ>ɔ:1.000 | ɔ>o:0.886 | a>ɑ:0.648 | o>ɷ:0.616 | ɷ>u:0.616
subbranch_onset,太湖片-苕溪小片__K,base_main_chain,256,10,4,254,2,0.9921875,1.201225329175986,0.7441379675566994,0.23170257062684985,0.0,1.0,0.0,0.0,0.0,0,0,,u>əu:1.000 | o>ɷ:0.863 | ɑ>ɔ:0.843 | ɔ>o:0.814 | ɷ>u:0.678
subbranch_onset,太湖片-苕溪小片__K,with_s3_lowering,256,10,4,254,2,0.9921875,1.208118815629587,0.7287823553267657,0.23354021573160477,0.0,1.0,8.882730788897235e-10,8.882730788897235e-10,8.882730788897235e-10,0,0,,u>əu:1.000 | o>ɷ:0.863 | ɑ>ɔ:0.791 | ɔ>o:0.776 | ɷ>u:0.678
subbranch_onset,太湖片-苕溪小片__M,base_main_chain,76,10,4,75,1,0.9868421052631579,1.4087296461847016,0.8652588397690462,0.0,0.0,6.803498447139113e-10,0.0,0.0,0.0,0,0,,ɔ>o:1.000 | o>ɷ:0.867 | ɑ>ɔ:0.838 | ɷ>u:0.557 | a>ɔ:0.444
subbranch_onset,太湖片-苕溪小片__M,with_s3_lowering,76,10,4,75,1,0.9868421052631579,1.4057037022194405,0.8812037372648961,0.0,5.3165451356330664e-05,7.088694224509274e-10,7.088694224509274e-10,7.347818649382562e-10,7.088694224509274e-10,0,0,,ɔ>o:1.000 | ɑ>ɔ:0.888 | o>ɷ:0.860 | ɷ>u:0.554 | a>ɑ:0.456
subbranch_onset,太湖片-苕溪小片__N,base_main_chain,92,8,4,84,8,0.9130434782608695,1.1360938352024985,0.6982581287895625,0.2531449245930593,0.0,1.0,0.0,0.0,0.0,0,0,,u>əu:1.000 | o>ɷ:0.850 | ɑ>ɔ:0.725 | ɔ>o:0.686 | ɷ>u:0.498
subbranch_onset,太湖片-苕溪小片__N,with_s3_lowering,92,8,4,90,2,0.9782608695652174,1.0591667211300333,0.6965850456081834,0.22340655135419873,0.07110827166406306,1.0,1.2701161627546122e-09,0.33337899977947666,5.615734695725259e-10,0,0,,u>əu:1.000 | ɑ>ɔ:0.890 | o>ɷ:0.875 | ɔ>o:0.843 | ɷ>u:0.511
subbranch_onset,太湖片-苕溪小片__P,base_main_chain,198,11,4,197,1,0.9949494949494949,1.3769343468937698,0.8597409332780989,0.0,0.0,8.185180028981055e-10,0.0,0.0,0.0,0,0,,ɔ>o:1.000 | o>ɷ:0.844 | ɑ>ɔ:0.779 | ɷ>u:0.529 | a>ɔ:0.495
subbranch_onset,太湖片-苕溪小片__P,with_s3_lowering,198,11,4,197,1,0.9949494949494949,1.3820936660128287,0.9081874048391059,0.0,8.338321870356884e-05,6.899732894123432e-10,6.899732894123432e-10,9.595574202342636e-10,6.899732894123432e-10,0,0,,ɔ>o:1.000 | ɑ>ɔ:0.996 | o>ɷ:0.874 | a>ɑ:0.555 | ɷ>u:0.548
subbranch_onset,太湖片-苕溪小片__T,base_main_chain,143,8,4,135,8,0.9440559440559441,1.0875855080368837,0.6900182036952907,0.26906174642304176,0.0,1.0,0.0,0.0,0.0,0,0,,u>əu:1.000 | o>ɷ:0.762 | ɑ>ɔ:0.665 | ɔ>o:0.643 | ɷ>u:0.494
subbranch_onset,太湖片-苕溪小片__T,with_s3_lowering,143,8,4,136,7,0.951048951048951,1.0801653280623449,0.6930558428987302,0.2630384152594053,0.009849877463158605,1.0,6.511930616043641e-10,0.03739852881506127,5.875195401407856e-10,0,0,,u>əu:1.000 | o>ɷ:0.763 | ɑ>ɔ:0.699 | ɔ>o:0.679 | ɷ>u:0.494
subbranch_onset,太湖片-苕溪小片__TS,base_main_chain,182,11,4,178,4,0.978021978021978,1.2649583327245923,0.7258603212464078,0.15435253748263458,0.0,0.7349296556723787,0.0,0.0,0.0,0,0,,o>ɷ:1.000 | ɔ>o:0.957 | ɑ>ɔ:0.803 | u>əu:0.741 | a>ɔ:0.488
subbranch_onset,太湖片-苕溪小片__TS,with_s3_lowering,182,11,4,182,0,1.0,1.2367052146602957,0.6654663361637493,0.15241442550985612,0.03174104395422536,0.7271643843901645,1.2196678683411644e-09,0.15212566700065558,7.604062142713404e-10,0,0,,o>ɷ:1.000 | ɔ>o:0.915 | u>əu:0.728 | ɑ>ɔ:0.650 | a>ɔ:0.598
subbranch_onset,太湖片-苕溪小片__Ø,base_main_chain,181,8,4,180,1,0.994475138121547,1.2936593555307427,0.7991430628865426,0.13284227969673673,0.0,0.5714665974492211,0.0,0.0,0.0,0,0,,o>ɷ:1.000 | ɔ>o:0.911 | ɑ>ɔ:0.879 | ɷ>u:0.783 | u>əu:0.627
subbranch_onset,太湖片-苕溪小片__Ø,with_s3_lowering,181,8,4,180,1,0.994475138121547,1.291389084205566,0.7949234831508172,0.1330650106377355,0.0,0.6172386641035229,7.129037165144041e-10,7.129037165144041e-10,7.129037165144041e-10,0,0,,o>ɷ:1.000 | ɔ>o:0.918 | ɑ>ɔ:0.843 | ɷ>u:0.785 | u>əu:0.621
